{
	"data": {
		"nodes": {
			"_subscribers": {
				"*": [],
				"add": [
					{}
				],
				"remove": [
					{}
				],
				"update": [
					{}
				]
			},
			"_options": {},
			"_data": {
				"1": {
					"id": 1,
					"label": "3"
				},
				"2": {
					"id": 2,
					"label": "2"
				},
				"3": {
					"id": 3,
					"label": "4"
				},
				"4": {
					"id": 4,
					"label": "5"
				},
				"5": {
					"id": 5,
					"label": "1"
				}
			},
			"length": 5,
			"_idProp": "id",
			"_type": {}
		},
		"edges": {
			"_subscribers": {
				"*": [],
				"add": [
					{}
				],
				"remove": [
					{}
				],
				"update": [
					{}
				]
			},
			"_options": {},
			"_data": {
				"1": {
					"from": 1,
					"to": 3,
					"id": "1",
					"color": {},
					"label": "4.7"
				},
				"2": {
					"from": 1,
					"to": 2,
					"id": 2,
					"color": {},
					"label": "3"
				},
				"3": {
					"from": 2,
					"to": 4,
					"id": 3,
					"color": {},
					"label": "3.9"
				},
				"4": {
					"from": 2,
					"to": 5,
					"id": 4,
					"color": {},
					"label": "1.1"
				},
				"5": {
					"from": 5,
					"to": 1,
					"label": "2.3",
					"id": "5",
					"color": {}
				},
				"6": {
					"from": 3,
					"to": 4,
					"label": "6",
					"id": 6,
					"color": {}
				},
				"7": {
					"from": 2,
					"to": 3,
					"label": "2",
					"id": 7,
					"color": {}
				}
			},
			"length": 7,
			"_idProp": "id",
			"_type": {}
		}
	},
	"options": {
		"locale": "pt-br",
		"manipulation": {
			"enabled": false
		},
		"edges": {
			"font": {
				"color": "#ffffff",
				"strokeWidth": 0,
				"size": 18
			}
		},
		"nodes": {
			"color": {
				"border": "#698B69",
				"background": "#458B74",
				"highlight": {
					"border": "#698B69",
					"background": "#4f6e4f"
				}
			},
			"font": {
				"color": "white"
			}
		},
		"physics": {
			"enabled": true,
			"forceAtlas2Based": {
				"gravitationalConstant": -50,
				"centralGravity": 0.01,
				"springConstant": 0.02,
				"springLength": 100,
				"damping": 0.4,
				"avoidOverlap": 0
			},
			"maxVelocity": 50,
			"minVelocity": 0.1,
			"solver": "forceAtlas2Based",
			"stabilization": {
				"enabled": true,
				"iterations": 1000,
				"updateInterval": 100,
				"onlyDynamicEdges": false,
				"fit": true
			},
			"timestep": 0.5,
			"adaptiveTimestep": true
		}
	},
	"ponderado": true,
	"ordenado": false
}
