{"chunk_definitions":[{"row":9,"row_count":1,"visible":true,"expansion_state":0,"options":{"engine":"r","label":"setup","include":false},"document_id":"A9A3FCD4","chunk_id":"csetup_chunk","chunk_label":"setup"},{"row":20,"row_count":1,"visible":true,"expansion_state":0,"options":{"engine":"r","results":"hide","error":false,"warning":false,"message":false,"label":"unnamed-chunk-13"},"document_id":"A9A3FCD4","chunk_id":"coi0g8sbtg0v6","chunk_label":"unnamed-chunk-1"},{"row":44,"row_count":1,"visible":true,"expansion_state":0,"options":{"engine":"r","label":"unnamed-chunk-14"},"document_id":"A9A3FCD4","chunk_id":"cs82o7obbwxax","chunk_label":"unnamed-chunk-2"},{"row":51,"row_count":1,"visible":true,"expansion_state":0,"options":{"engine":"r","label":"unnamed-chunk-15"},"document_id":"A9A3FCD4","chunk_id":"ct6ou274p2upi","chunk_label":"unnamed-chunk-3"},{"row":59,"row_count":1,"visible":true,"expansion_state":0,"options":{"engine":"r","label":"unnamed-chunk-16"},"document_id":"A9A3FCD4","chunk_id":"c3jkjsjf1kvrx","chunk_label":"unnamed-chunk-4"},{"row":65,"row_count":1,"visible":true,"expansion_state":0,"options":{"engine":"r","label":"unnamed-chunk-17"},"document_id":"A9A3FCD4","chunk_id":"cp6p0bhq548bz","chunk_label":"unnamed-chunk-5"},{"row":71,"row_count":1,"visible":true,"expansion_state":0,"options":{"engine":"r","label":"unnamed-chunk-18"},"document_id":"A9A3FCD4","chunk_id":"c7nj9nr3ybvhq","chunk_label":"unnamed-chunk-6"},{"row":75,"row_count":1,"visible":true,"expansion_state":0,"options":{"engine":"r","label":"unnamed-chunk-19"},"document_id":"A9A3FCD4","chunk_id":"chkkfmrxzsgso","chunk_label":"unnamed-chunk-7"},{"row":81,"row_count":1,"visible":true,"expansion_state":0,"options":{"engine":"r","label":"unnamed-chunk-20"},"document_id":"A9A3FCD4","chunk_id":"ciwvds1fxuc4b","chunk_label":"unnamed-chunk-8"},{"row":87,"row_count":1,"visible":true,"expansion_state":0,"options":{"engine":"r","label":"unnamed-chunk-21"},"document_id":"A9A3FCD4","chunk_id":"coxv19er8lib9","chunk_label":"unnamed-chunk-9"},{"row":93,"row_count":1,"visible":true,"expansion_state":0,"options":{"engine":"r","label":"unnamed-chunk-22"},"document_id":"A9A3FCD4","chunk_id":"cq8ug61ns8drv","chunk_label":"unnamed-chunk-10"},{"row":101,"row_count":1,"visible":true,"expansion_state":0,"options":{"engine":"r","label":"unnamed-chunk-23"},"document_id":"A9A3FCD4","chunk_id":"cgwn45gej1z2e","chunk_label":"unnamed-chunk-11"},{"row":106,"row_count":1,"visible":true,"expansion_state":0,"options":{"engine":"r","label":"unnamed-chunk-8"},"document_id":"A9A3FCD4","chunk_id":"cj3lpx9jp016t","chunk_label":"unnamed-chunk-12"},{"row":112,"row_count":1,"visible":true,"expansion_state":0,"options":{"engine":"r","label":"unnamed-chunk-9"},"document_id":"A9A3FCD4","chunk_id":"crypy5uxy155k","chunk_label":"unnamed-chunk-13"},{"row":117,"row_count":1,"visible":true,"expansion_state":0,"options":{"engine":"r","label":"unnamed-chunk-10"},"document_id":"A9A3FCD4","chunk_id":"cwa8l21ro7eo1","chunk_label":"unnamed-chunk-14"},{"row":123,"row_count":1,"visible":true,"expansion_state":0,"options":{"engine":"r","label":"unnamed-chunk-12"},"document_id":"A9A3FCD4","chunk_id":"cpcxmzj7x11tr","chunk_label":"unnamed-chunk-15"},{"row":129,"row_count":1,"visible":true,"expansion_state":0,"options":{"engine":"r","label":"unnamed-chunk-17"},"document_id":"A9A3FCD4","chunk_id":"c8q2xr6z292sl","chunk_label":"unnamed-chunk-16"},{"row":135,"row_count":1,"visible":true,"expansion_state":0,"options":{"engine":"r","label":"unnamed-chunk-18"},"document_id":"A9A3FCD4","chunk_id":"cyqcq2lph3ruh","chunk_label":"unnamed-chunk-17"},{"row":155,"row_count":1,"visible":true,"expansion_state":0,"options":{"engine":"r","label":"unnamed-chunk-24"},"document_id":"A9A3FCD4","chunk_id":"cv2l8szns91al","chunk_label":"unnamed-chunk-20"},{"row":163,"row_count":1,"visible":true,"expansion_state":0,"options":{"engine":"r","results":"hide","label":"unnamed-chunk-28"},"document_id":"A9A3FCD4","chunk_id":"c66fyz3esdoai","chunk_label":"unnamed-chunk-21"},{"row":173,"row_count":1,"visible":true,"expansion_state":0,"options":{"engine":"r","label":"unnamed-chunk-26"},"document_id":"A9A3FCD4","chunk_id":"cj22ynuz4h2ty","chunk_label":"unnamed-chunk-23"},{"row":180,"row_count":1,"visible":true,"expansion_state":0,"options":{"engine":"r","label":"unnamed-chunk-27"},"document_id":"A9A3FCD4","chunk_id":"c2zy8wm0im72x","chunk_label":"unnamed-chunk-24"}],"doc_write_time":1670032698,"working_dir":null,"default_chunk_options":{"echo":true}}