{"chunk_definitions":[{"row":9,"row_count":1,"visible":true,"expansion_state":0,"options":{"engine":"r","label":"setup","include":false},"document_id":"A9A3FCD4","chunk_id":"csetup_chunk","chunk_label":"setup"},{"row":40,"row_count":1,"visible":true,"expansion_state":0,"options":{"engine":"r","label":"unnamed-chunk-16"},"document_id":"A9A3FCD4","chunk_id":"cs82o7obbwxax","chunk_label":"unnamed-chunk-2"},{"row":97,"row_count":1,"visible":true,"expansion_state":0,"options":{"engine":"r","label":"unnamed-chunk-1"},"document_id":"A9A3FCD4","chunk_id":"cgwn45gej1z2e","chunk_label":"unnamed-chunk-11"},{"row":102,"row_count":1,"visible":true,"expansion_state":0,"options":{"engine":"r","label":"unnamed-chunk-8"},"document_id":"A9A3FCD4","chunk_id":"cj3lpx9jp016t","chunk_label":"unnamed-chunk-12"},{"row":107,"row_count":1,"visible":true,"expansion_state":0,"options":{"engine":"r","label":"unnamed-chunk-9"},"document_id":"A9A3FCD4","chunk_id":"crypy5uxy155k","chunk_label":"unnamed-chunk-13"},{"row":112,"row_count":1,"visible":true,"expansion_state":0,"options":{"engine":"r","label":"unnamed-chunk-10"},"document_id":"A9A3FCD4","chunk_id":"cwa8l21ro7eo1","chunk_label":"unnamed-chunk-14"},{"row":118,"row_count":1,"visible":true,"expansion_state":0,"options":{"engine":"r","label":"unnamed-chunk-12"},"document_id":"A9A3FCD4","chunk_id":"cpcxmzj7x11tr","chunk_label":"unnamed-chunk-15"},{"row":123,"row_count":1,"visible":true,"expansion_state":0,"options":{"engine":"r","label":"unnamed-chunk-17"},"document_id":"A9A3FCD4","chunk_id":"c8q2xr6z292sl","chunk_label":"unnamed-chunk-16"},{"row":129,"row_count":1,"visible":true,"expansion_state":0,"options":{"engine":"r","label":"unnamed-chunk-18"},"document_id":"A9A3FCD4","chunk_id":"cyqcq2lph3ruh","chunk_label":"unnamed-chunk-17"}],"doc_write_time":1670030709,"working_dir":null,"default_chunk_options":{"echo":true}}