"0","remotes::install_github(""GuilhermeFCO/grafoR"")"
"1","  "
"1","   checking for file ‘/tmp/Rtmp5QfiwD/remotes8ebe21148d55/GuilhermeFCO-grafoR-43df267/DESCRIPTION’ ..."
"1",""
"1",""
"1","  "
"1","[32m✔[39m  [38;5;247mchecking for file ‘/tmp/Rtmp5QfiwD/remotes8ebe21148d55/GuilhermeFCO-grafoR-43df267/DESCRIPTION’[39m[36m[39m"
"1",""
"1","
"
"1",""
"1",""
"1",""
"1","  "
"1","[38;5;247m─[39m[38;5;247m  [39m[38;5;247mpreparing ‘grafoR’:[39m[36m[39m"
"1",""
"1","
"
"1","   checking DESCRIPTION meta-information ..."
"1",""
"1",""
"1","  "
"1","[32m✔[39m  [38;5;247mchecking DESCRIPTION meta-information[39m[36m[39m"
"1",""
"1","
"
"1",""
"1",""
"1",""
"1","  "
"1","[38;5;247m─[39m[38;5;247m  [39m[38;5;247mchecking for LF line-endings in source and make files and shell scripts[39m[36m[39m"
"1",""
"1","
"
"1",""
"1",""
"1",""
"1","  "
"1","[38;5;247m─[39m[38;5;247m  [39m[38;5;247mchecking for empty or unneeded directories[39m[36m[39m"
"1",""
"1","
"
"1","[38;5;247m─[39m[38;5;247m  [39m[38;5;247mbuilding ‘grafoR_0.0.0.9000.tar.gz’[39m[36m[39m"
"1",""
"1","
"
"1",""
"1",""
"1",""
"1","  "
"1","   "
"1",""
"1","
"
"1",""
"1",""
"1",""
"2","* installing *source* package ‘grafoR’ ...
"
"2","** using staged installation
"
"2","** R
"
"2","** data
"
"2","*** moving datasets to lazyload DB
"
"2","** byte-compile and prepare package for lazy loading
"
"2","** help
"
"2","*** installing help indices
"
"2","*** copying figures
"
"2","** building package indices
"
"2","** installing vignettes
"
"2","** testing if installed package can be loaded from temporary location
"
"2","** testing if installed package can be loaded from final location
"
"2","** testing if installed package keeps a record of temporary installation path
"
"2","* DONE (grafoR)
"
"0","library(grafoR)"
